Borough,Accident_count,Percentage
Staten Island,16,3.3126293995859215
Manhattan,101,20.910973084886127
Bronx,66,13.664596273291925
Queens,157,32.50517598343685
Brooklyn,143,29.606625258799173
