Day_of_week,Accident_count,Percentage
night,120,22.68431001890359
day,396,74.85822306238185
morning_twilight,5,0.945179584120983
evening_twilight,8,1.5122873345935728
