Phenomenon,Accident_count,Percentage
Clear,375,86.20689655172413
Drizzle,2,0.45977011494252873
Haze,9,2.0689655172413794
Mist,29,6.666666666666667
Light rain,20,4.597701149425287
